ğŸ”´,Sun May 22 23:59:59 +0000 2016,481,toulouse
ğŸ˜‚,Sun May 22 23:59:57 +0000 2016,230,toulouse
ğŸ˜‚,Sun May 22 23:59:55 +0000 2016,284,toulouse
,Sun May 22 23:59:54 +0000 2016,192,toulouse
,Sun May 22 23:59:54 +0000 2016,540,toulouse
,Sun May 22 23:59:53 +0000 2016,29,toulouse
ğŸ˜‚,Sun May 22 23:59:43 +0000 2016,1766,toulouse
,Sun May 22 23:59:43 +0000 2016,89,toulouse
,Sun May 22 23:59:41 +0000 2016,163,toulouse
ğŸ˜ğŸ’œ,Sun May 22 23:59:37 +0000 2016,509,toulouse
ğŸ˜‚,Sun May 22 23:59:29 +0000 2016,264,toulouse
ğŸ˜”,Sun May 22 23:59:24 +0000 2016,224,toulouse
ğŸ˜­,Sun May 22 23:59:10 +0000 2016,842,toulouse
ğŸ”´,Sun May 22 23:59:09 +0000 2016,1168,toulouse
ğŸ”´,Sun May 22 23:59:03 +0000 2016,1280,toulouse
ğŸ˜­,Sun May 22 23:58:54 +0000 2016,366,toulouse
ğŸ˜‚,Sun May 22 23:58:46 +0000 2016,284,toulouse
ğŸ˜‚,Sun May 22 23:58:42 +0000 2016,213,toulouse
ğŸ˜‚,Sun May 22 23:58:40 +0000 2016,2228,toulouse
ğŸ˜­,Sun May 22 23:58:39 +0000 2016,1144,toulouse
,Sun May 22 23:58:34 +0000 2016,2351,toulouse
,Sun May 22 23:58:33 +0000 2016,290,toulouse
,Sun May 22 23:58:32 +0000 2016,94,toulouse
ğŸ˜­ğŸ˜‚,Sun May 22 23:58:32 +0000 2016,716,toulouse
,Sun May 22 23:58:25 +0000 2016,429,toulouse
ğŸ”´,Sun May 22 23:58:24 +0000 2016,541,toulouse
ğŸ™„,Sun May 22 23:58:10 +0000 2016,284,toulouse
,Sun May 22 23:58:05 +0000 2016,0,toulouse
,Sun May 22 23:58:01 +0000 2016,73,toulouse
,Sun May 22 23:57:58 +0000 2016,180,toulouse
ğŸ‘Š,Sun May 22 23:57:51 +0000 2016,230,toulouse
ğŸ˜ğŸ’œ,Sun May 22 23:57:47 +0000 2016,842,toulouse
ğŸ˜­,Sun May 22 23:57:45 +0000 2016,178,toulouse
,Sun May 22 23:57:32 +0000 2016,224,toulouse
ğŸ™„,Sun May 22 23:57:32 +0000 2016,869,toulouse
,Sun May 22 23:57:28 +0000 2016,284,toulouse
,Sun May 22 23:57:21 +0000 2016,230,toulouse
ğŸ˜­ğŸ˜‚,Sun May 22 23:57:17 +0000 2016,284,toulouse
ğŸ˜»,Sun May 22 23:57:00 +0000 2016,238,toulouse
,Sun May 22 23:56:59 +0000 2016,540,toulouse
,Sun May 22 23:56:54 +0000 2016,0,toulouse
,Sun May 22 23:56:52 +0000 2016,284,toulouse
,Sun May 22 23:56:48 +0000 2016,79,toulouse
ğŸ”´,Sun May 22 23:56:38 +0000 2016,449,toulouse
,Sun May 22 23:56:33 +0000 2016,869,toulouse
ğŸ˜‚,Sun May 22 23:56:29 +0000 2016,290,toulouse
,Sun May 22 23:56:28 +0000 2016,540,toulouse
,Sun May 22 23:56:25 +0000 2016,57,toulouse
ğŸ”´,Sun May 22 23:56:18 +0000 2016,464,toulouse
ğŸ¤—,Sun May 22 23:55:56 +0000 2016,473,toulouse
,Sun May 22 23:55:51 +0000 2016,224,toulouse
ğŸ™„,Sun May 22 23:55:44 +0000 2016,1766,toulouse
ğŸ™„ğŸ˜‚,Sun May 22 23:55:43 +0000 2016,1766,toulouse
,Sun May 22 23:55:42 +0000 2016,903,toulouse
,Sun May 22 23:55:39 +0000 2016,424,toulouse
,Sun May 22 23:55:38 +0000 2016,213,toulouse
ğŸ”´,Sun May 22 23:55:34 +0000 2016,606,toulouse
,Sun May 22 23:55:34 +0000 2016,869,toulouse
,Sun May 22 23:55:33 +0000 2016,198,toulouse
,Sun May 22 23:55:32 +0000 2016,6,toulouse
ğŸ˜ğŸ˜±ğŸ’ğŸ¶ğŸ†˜,Sun May 22 23:55:29 +0000 2016,35,toulouse
,Sun May 22 23:55:27 +0000 2016,283,toulouse
,Sun May 22 23:55:22 +0000 2016,109,toulouse
ğŸ˜Œ,Sun May 22 23:55:21 +0000 2016,2228,toulouse
ğŸ˜‰ğŸ˜‚,Sun May 22 23:55:21 +0000 2016,230,toulouse
,Sun May 22 23:55:19 +0000 2016,2901,toulouse
,Sun May 22 23:55:18 +0000 2016,116,toulouse
ğŸ¼ğŸ™‹,Sun May 22 23:55:12 +0000 2016,83,toulouse
,Sun May 22 23:55:07 +0000 2016,221,toulouse
,Sun May 22 23:55:03 +0000 2016,611,toulouse
ğŸ™„,Sun May 22 23:54:55 +0000 2016,284,toulouse
ğŸ¤—,Sun May 22 23:54:53 +0000 2016,83,toulouse
,Sun May 22 23:54:51 +0000 2016,91,toulouse
,Sun May 22 23:54:49 +0000 2016,198,toulouse
ğŸ˜ªğŸ’”,Sun May 22 23:54:41 +0000 2016,221,toulouse
,Sun May 22 23:54:29 +0000 2016,3009,toulouse
,Sun May 22 23:54:25 +0000 2016,198,toulouse
,Sun May 22 23:54:22 +0000 2016,1101,toulouse
,Sun May 22 23:54:22 +0000 2016,74,toulouse
ğŸ™„ğŸ˜‚,Sun May 22 23:54:20 +0000 2016,284,toulouse
ğŸ˜’,Sun May 22 23:54:18 +0000 2016,177,toulouse
,Sun May 22 23:54:17 +0000 2016,122,toulouse
ğŸ¤—,Sun May 22 23:54:16 +0000 2016,83,toulouse
,Sun May 22 23:54:16 +0000 2016,264,toulouse
,Sun May 22 23:54:04 +0000 2016,1411,toulouse
,Sun May 22 23:54:02 +0000 2016,210,toulouse
ğŸ˜­,Sun May 22 23:54:01 +0000 2016,284,toulouse
,Sun May 22 23:53:59 +0000 2016,314,toulouse
ğŸ”´,Sun May 22 23:53:53 +0000 2016,1073,toulouse
,Sun May 22 23:53:47 +0000 2016,230,toulouse
ğŸ˜‚,Tue May 24 23:59:57 +0000 2016,487,toulouse
,Tue May 24 23:59:55 +0000 2016,1175,toulouse
,Tue May 24 23:59:41 +0000 2016,869,toulouse
ğŸ˜ŒğŸ™„,Tue May 24 23:59:30 +0000 2016,473,toulouse
ğŸ˜‚,Tue May 24 23:59:28 +0000 2016,487,toulouse
ğŸ˜Ÿ,Tue May 24 23:59:28 +0000 2016,221,toulouse
,Tue May 24 23:59:16 +0000 2016,170,toulouse
ğŸ˜,Tue May 24 23:59:15 +0000 2016,1319,toulouse
,Tue May 24 23:59:12 +0000 2016,588,toulouse
ğŸ˜’,Tue May 24 23:59:07 +0000 2016,221,toulouse
ğŸ˜,Tue May 24 23:59:02 +0000 2016,385,toulouse
,Tue May 24 23:58:59 +0000 2016,266,toulouse
ğŸ˜…,Tue May 24 23:58:57 +0000 2016,111,toulouse
ğŸ˜‚,Tue May 24 23:58:57 +0000 2016,487,toulouse
,Tue May 24 23:58:45 +0000 2016,857,toulouse
,Tue May 24 23:58:43 +0000 2016,70,toulouse
ğŸ˜­ğŸ˜‚,Tue May 24 23:58:36 +0000 2016,221,toulouse
ğŸ˜«,Tue May 24 23:58:26 +0000 2016,611,toulouse
,Tue May 24 23:58:20 +0000 2016,588,toulouse
,Tue May 24 23:58:15 +0000 2016,327,toulouse
ğŸ˜ŒğŸ™„,Tue May 24 23:58:14 +0000 2016,487,toulouse
,Tue May 24 23:58:12 +0000 2016,75,toulouse
,Tue May 24 23:58:09 +0000 2016,159,toulouse
,Tue May 24 23:58:06 +0000 2016,170,toulouse
,Tue May 24 23:58:02 +0000 2016,869,toulouse
,Tue May 24 23:57:57 +0000 2016,6527,toulouse
,Tue May 24 23:57:52 +0000 2016,1381,toulouse
ğŸ˜,Tue May 24 23:57:47 +0000 2016,221,toulouse
ğŸ˜,Tue May 24 23:57:40 +0000 2016,81,toulouse
ğŸ‘¿,Tue May 24 23:57:36 +0000 2016,221,toulouse
ğŸ˜Œ,Tue May 24 23:57:35 +0000 2016,395,toulouse
,Tue May 24 23:57:35 +0000 2016,487,toulouse
,Tue May 24 23:57:32 +0000 2016,6527,toulouse
,Tue May 24 23:57:25 +0000 2016,4280,toulouse
,Tue May 24 23:57:23 +0000 2016,869,toulouse
,Tue May 24 23:57:17 +0000 2016,2438,toulouse
,Tue May 24 23:57:14 +0000 2016,257,toulouse
,Tue May 24 23:57:13 +0000 2016,4280,toulouse
,Tue May 24 23:57:11 +0000 2016,65,toulouse
,Tue May 24 23:57:10 +0000 2016,588,toulouse
ğŸ™ğŸ½,Tue May 24 23:57:09 +0000 2016,224,toulouse
,Tue May 24 23:57:08 +0000 2016,1852,toulouse
,Tue May 24 23:57:08 +0000 2016,0,toulouse
,Tue May 24 23:57:04 +0000 2016,0,toulouse
ğŸ˜,Tue May 24 23:57:02 +0000 2016,869,toulouse
,Tue May 24 23:56:54 +0000 2016,0,toulouse
,Tue May 24 23:56:51 +0000 2016,86,toulouse
ğŸ˜±,Tue May 24 23:56:48 +0000 2016,919,toulouse
,Tue May 24 23:56:38 +0000 2016,221,toulouse
ğŸ˜ğŸ’•,Tue May 24 23:56:33 +0000 2016,1101,toulouse
,Tue May 24 23:56:28 +0000 2016,857,toulouse
ğŸ˜,Tue May 24 23:56:21 +0000 2016,92,toulouse
,Tue May 24 23:56:13 +0000 2016,4280,toulouse
ğŸ™„ğŸ˜‚,Tue May 24 23:56:05 +0000 2016,487,toulouse
,Tue May 24 23:56:02 +0000 2016,84,toulouse
,Tue May 24 23:55:58 +0000 2016,40,toulouse
ğŸ™„,Tue May 24 23:55:48 +0000 2016,221,toulouse
ğŸ¶,Tue May 24 23:55:44 +0000 2016,1101,toulouse
,Tue May 24 23:55:34 +0000 2016,4280,toulouse
,Tue May 24 23:55:31 +0000 2016,869,toulouse
,Tue May 24 23:55:26 +0000 2016,207,toulouse
,Tue May 24 23:55:23 +0000 2016,15,toulouse
,Tue May 24 23:55:22 +0000 2016,15,toulouse
,Tue May 24 23:55:22 +0000 2016,15,toulouse
,Tue May 24 23:55:22 +0000 2016,15,toulouse
,Tue May 24 23:55:21 +0000 2016,15,toulouse
,Tue May 24 23:55:21 +0000 2016,15,toulouse
,Tue May 24 23:55:21 +0000 2016,15,toulouse
,Tue May 24 23:55:20 +0000 2016,15,toulouse
,Tue May 24 23:55:20 +0000 2016,15,toulouse
,Tue May 24 23:55:20 +0000 2016,15,toulouse
,Tue May 24 23:55:11 +0000 2016,4177,toulouse
ğŸ˜Œ,Tue May 24 23:55:03 +0000 2016,918,toulouse
,Tue May 24 23:54:58 +0000 2016,109,toulouse
ğŸ˜,Tue May 24 23:54:49 +0000 2016,178,toulouse
,Tue May 24 23:54:37 +0000 2016,2981,toulouse
,Tue May 24 23:54:35 +0000 2016,206,toulouse
,Tue May 24 23:54:33 +0000 2016,1876,toulouse
,Tue May 24 23:54:26 +0000 2016,218,toulouse
,Tue May 24 23:54:24 +0000 2016,37,toulouse
,Tue May 24 23:54:23 +0000 2016,404,toulouse
,Tue May 24 23:54:18 +0000 2016,857,toulouse
,Tue May 24 23:54:16 +0000 2016,300,toulouse
,Tue May 24 23:54:01 +0000 2016,4280,toulouse
,Tue May 24 23:53:59 +0000 2016,38,toulouse
ğŸ¤ğŸ”¥,Tue May 24 23:53:59 +0000 2016,12936,toulouse
ğŸ˜,Tue May 24 23:53:55 +0000 2016,285,toulouse
,Tue May 24 23:53:54 +0000 2016,38,toulouse
ğŸ˜,Tue May 24 23:53:53 +0000 2016,221,toulouse
,Tue May 24 23:53:47 +0000 2016,143,toulouse
,Tue May 24 23:53:37 +0000 2016,206,toulouse
,Tue May 24 23:53:37 +0000 2016,109,toulouse
,Tue May 24 23:53:35 +0000 2016,107,toulouse
,Tue May 24 23:53:34 +0000 2016,4280,toulouse
ğŸ˜,Tue May 24 23:53:31 +0000 2016,221,toulouse
ğŸ˜¨,Tue May 24 23:53:27 +0000 2016,487,toulouse
,Tue May 24 23:53:19 +0000 2016,270,toulouse
,Tue May 24 23:53:12 +0000 2016,218,toulouse
,Tue May 24 23:53:10 +0000 2016,588,toulouse
ğŸ–•ğŸ½,Tue May 24 23:53:04 +0000 2016,111,toulouse
ğŸ˜,Tue May 24 23:53:02 +0000 2016,1004,toulouse
ğŸ™ˆğŸ–•ğŸ»ğŸ’¨ğŸ˜‚,Tue May 24 23:53:01 +0000 2016,2981,toulouse
,Tue May 24 23:52:59 +0000 2016,122,toulouse
,Tue May 24 23:52:50 +0000 2016,202,toulouse
,Tue May 24 23:52:43 +0000 2016,60,toulouse
ğŸ˜,Tue May 24 23:52:42 +0000 2016,224,toulouse
,Tue May 24 23:52:40 +0000 2016,69,toulouse
ğŸ’•,Tue May 24 23:52:38 +0000 2016,224,toulouse
ğŸ˜‚,Tue May 24 23:52:31 +0000 2016,869,toulouse
ğŸ˜•,Tue May 24 23:52:29 +0000 2016,221,toulouse
,Tue May 24 23:52:25 +0000 2016,109,toulouse
,Tue May 24 23:52:07 +0000 2016,57,toulouse
ğŸ˜Œ,Tue May 24 23:52:06 +0000 2016,471,toulouse
,Tue May 24 23:52:03 +0000 2016,1885,toulouse
,Tue May 24 23:52:00 +0000 2016,857,toulouse
,Tue May 24 23:51:53 +0000 2016,109,toulouse
ğŸ˜Œ,Tue May 24 23:51:50 +0000 2016,487,toulouse
ğŸ˜‚,Tue May 24 23:51:44 +0000 2016,558,toulouse
,Tue May 24 23:51:43 +0000 2016,4280,toulouse
,Tue May 24 23:51:41 +0000 2016,128,toulouse
ğŸ˜ª,Tue May 24 23:51:36 +0000 2016,869,toulouse
ğŸ˜‚,Tue May 24 23:51:29 +0000 2016,100,toulouse
,Tue May 24 23:51:27 +0000 2016,128,toulouse
,Tue May 24 23:51:22 +0000 2016,857,toulouse
,Tue May 24 23:51:16 +0000 2016,4280,toulouse
,Tue May 24 23:51:12 +0000 2016,109,toulouse
,Tue May 24 23:51:08 +0000 2016,224,toulouse
ğŸ˜‚,Tue May 24 23:51:06 +0000 2016,312,toulouse
ğŸ˜,Tue May 24 23:50:53 +0000 2016,31017,toulouse
,Tue May 24 23:50:46 +0000 2016,69,toulouse
,Tue May 24 23:50:43 +0000 2016,92,toulouse
ğŸ˜…,Tue May 24 23:50:40 +0000 2016,2901,toulouse
,Tue May 24 23:50:36 +0000 2016,4280,toulouse
ğŸ˜­,Tue May 24 23:50:31 +0000 2016,92,toulouse
,Tue May 24 23:50:25 +0000 2016,206,toulouse
ğŸ˜‚,Tue May 24 23:50:23 +0000 2016,221,toulouse
ğŸ˜ŒğŸ˜‚,Tue May 24 23:50:13 +0000 2016,102,toulouse
,Tue May 24 23:50:06 +0000 2016,2,toulouse
,Tue May 24 23:50:05 +0000 2016,1644,toulouse
,Tue May 24 23:49:58 +0000 2016,69,toulouse
,Tue May 24 23:49:54 +0000 2016,109,toulouse
,Tue May 24 23:49:44 +0000 2016,869,toulouse
ğŸ¾ğŸ˜Œ,Tue May 24 23:49:41 +0000 2016,487,toulouse
ğŸ˜­,Tue May 24 23:49:32 +0000 2016,572,toulouse
ğŸ˜,Tue May 24 23:49:32 +0000 2016,285,toulouse
,Tue May 24 23:49:22 +0000 2016,4280,toulouse
,Tue May 24 23:49:21 +0000 2016,1644,toulouse
ğŸ˜­,Tue May 24 23:49:08 +0000 2016,487,toulouse
,Tue May 24 23:49:01 +0000 2016,224,toulouse
ğŸ˜,Tue May 24 23:48:54 +0000 2016,2901,toulouse
ğŸ˜,Tue May 24 23:48:50 +0000 2016,221,toulouse
,Tue May 24 23:48:43 +0000 2016,471,toulouse
,Tue May 24 23:48:38 +0000 2016,4280,toulouse
,Tue May 24 23:48:18 +0000 2016,206,toulouse
,Tue May 24 23:48:10 +0000 2016,349,toulouse
,Tue May 24 23:47:58 +0000 2016,349,toulouse
,Tue May 24 23:47:50 +0000 2016,93,toulouse
,Tue May 24 23:47:49 +0000 2016,69,toulouse
ğŸ˜ŒğŸ˜‚,Tue May 24 23:47:49 +0000 2016,471,toulouse
,Tue May 24 23:47:37 +0000 2016,442,toulouse
,Tue May 24 23:47:36 +0000 2016,411,toulouse
,Tue May 24 23:47:28 +0000 2016,4280,toulouse
,Tue May 24 23:47:26 +0000 2016,5000,toulouse
ğŸ¤”,Tue May 24 23:47:15 +0000 2016,221,toulouse
,Tue May 24 23:47:15 +0000 2016,2438,toulouse
,Tue May 24 23:47:14 +0000 2016,308,toulouse
,Tue May 24 23:47:13 +0000 2016,326,toulouse
,Tue May 24 23:47:10 +0000 2016,185,toulouse
ğŸğŸµğŸ”¥,Tue May 24 23:47:08 +0000 2016,282,toulouse
,Tue May 24 23:47:07 +0000 2016,487,toulouse
,Tue May 24 23:46:53 +0000 2016,704,toulouse
,Tue May 24 23:46:47 +0000 2016,109,toulouse
ğŸ˜ŒğŸ˜‚,Tue May 24 23:46:45 +0000 2016,487,toulouse
ğŸ˜­,Tue May 24 23:46:37 +0000 2016,507,toulouse
,Tue May 24 23:46:30 +0000 2016,4280,toulouse
,Tue May 24 23:46:24 +0000 2016,858,toulouse
,Tue May 24 23:46:24 +0000 2016,358,toulouse
ğŸ˜­,Tue May 24 23:46:23 +0000 2016,869,toulouse
,Tue May 24 23:46:20 +0000 2016,4177,toulouse
,Tue May 24 23:46:16 +0000 2016,4177,toulouse
,Tue May 24 23:46:10 +0000 2016,1101,toulouse
,Tue May 24 23:46:08 +0000 2016,445,toulouse
,Tue May 24 23:45:55 +0000 2016,93,toulouse
,Tue May 24 23:45:54 +0000 2016,229,toulouse
,Tue May 24 23:45:54 +0000 2016,274,toulouse
ğŸ™„,Tue May 24 23:45:47 +0000 2016,221,toulouse
,Tue May 24 23:45:24 +0000 2016,69,toulouse
ğŸ™ğŸ¿,Tue May 24 23:45:18 +0000 2016,466,toulouse
ğŸ˜‚,Tue May 24 23:45:09 +0000 2016,1301,toulouse
ğŸ˜­,Tue May 24 23:44:53 +0000 2016,487,toulouse
,Tue May 24 23:44:50 +0000 2016,524,toulouse
â¤ï¸ğŸ˜˜,Tue May 24 23:44:46 +0000 2016,100,toulouse
,Tue May 24 23:44:28 +0000 2016,869,toulouse
,Tue May 24 23:44:24 +0000 2016,67,toulouse
,Tue May 24 23:44:06 +0000 2016,31,toulouse
,Tue May 24 23:44:05 +0000 2016,31,toulouse
,Tue May 24 23:43:57 +0000 2016,69,toulouse
,Tue May 24 23:43:46 +0000 2016,1263,toulouse
ğŸ˜­,Tue May 24 23:43:46 +0000 2016,487,toulouse
,Tue May 24 23:43:46 +0000 2016,25,toulouse
,Tue May 24 23:43:34 +0000 2016,128,toulouse
,Tue May 24 23:43:30 +0000 2016,221,toulouse
,Tue May 24 23:43:14 +0000 2016,38,toulouse
,Tue May 24 23:43:05 +0000 2016,109,toulouse
,Tue May 24 23:43:02 +0000 2016,518,toulouse
,Tue May 24 23:43:02 +0000 2016,274,toulouse
,Tue May 24 23:42:57 +0000 2016,59,toulouse
,Tue May 24 23:42:38 +0000 2016,356,toulouse
,Tue May 24 23:42:37 +0000 2016,222,toulouse
,Tue May 24 23:42:26 +0000 2016,2293,toulouse
,Tue May 24 23:42:24 +0000 2016,17,toulouse
,Tue May 24 23:42:22 +0000 2016,69,toulouse
,Tue May 24 23:42:21 +0000 2016,2668,toulouse
,Tue May 24 23:42:16 +0000 2016,376,toulouse
ğŸ˜‚,Tue May 24 23:42:12 +0000 2016,487,toulouse
,Tue May 24 23:42:11 +0000 2016,600,toulouse
,Tue May 24 23:42:00 +0000 2016,149,toulouse
,Tue May 24 23:41:27 +0000 2016,57,toulouse
,Tue May 24 23:41:27 +0000 2016,2293,toulouse
ğŸ˜’,Tue May 24 23:41:25 +0000 2016,869,toulouse
ğŸ˜’,Tue May 24 23:41:18 +0000 2016,221,toulouse
,Tue May 24 23:41:12 +0000 2016,264,toulouse
,Tue May 24 23:41:09 +0000 2016,502,toulouse
,Tue May 24 23:41:06 +0000 2016,678,toulouse
,Tue May 24 23:41:02 +0000 2016,221,toulouse
,Tue May 24 23:41:00 +0000 2016,4280,toulouse
,Tue May 24 23:40:57 +0000 2016,209,toulouse
ğŸ˜”,Tue May 24 23:40:54 +0000 2016,487,toulouse
,Tue May 24 23:40:51 +0000 2016,116,toulouse
ğŸ˜‚,Tue May 24 23:40:50 +0000 2016,658,toulouse
,Tue May 24 23:40:50 +0000 2016,4280,toulouse
,Tue May 24 23:40:50 +0000 2016,299,toulouse
,Tue May 24 23:40:37 +0000 2016,0,toulouse
,Tue May 24 23:40:36 +0000 2016,813,toulouse
,Tue May 24 23:40:36 +0000 2016,4280,toulouse
ğŸ˜ª,Tue May 24 23:40:24 +0000 2016,1004,toulouse
,Tue May 24 23:40:18 +0000 2016,524,toulouse
,Tue May 24 23:40:16 +0000 2016,109,toulouse
,Tue May 24 23:40:12 +0000 2016,224,toulouse
ğŸ™„,Tue May 24 23:39:57 +0000 2016,487,toulouse
,Tue May 24 23:39:50 +0000 2016,221,toulouse
ğŸ˜Š,Tue May 24 23:39:49 +0000 2016,635,toulouse
,Tue May 24 23:39:42 +0000 2016,86,toulouse
,Tue May 24 23:39:27 +0000 2016,857,toulouse
,Tue May 24 23:39:26 +0000 2016,224,toulouse
,Tue May 24 23:39:17 +0000 2016,94,toulouse
ğŸ˜­ğŸ˜,Tue May 24 23:39:15 +0000 2016,92,toulouse
ğŸ˜­ğŸ˜‚,Tue May 24 23:39:12 +0000 2016,487,toulouse
,Tue May 24 23:39:09 +0000 2016,69,toulouse
,Tue May 24 23:39:06 +0000 2016,524,toulouse
,Tue May 24 23:39:00 +0000 2016,785,toulouse
ğŸ˜ª,Tue May 24 23:38:38 +0000 2016,487,toulouse
ğŸ˜‚,Tue May 24 23:38:33 +0000 2016,111,toulouse
,Tue May 24 23:38:24 +0000 2016,59,toulouse
ğŸ˜…,Tue May 24 23:38:21 +0000 2016,111,toulouse
,Tue May 24 23:38:16 +0000 2016,1054,toulouse
,Tue May 24 23:38:14 +0000 2016,162,toulouse
,Tue May 24 23:38:05 +0000 2016,111,toulouse
,Tue May 24 23:38:02 +0000 2016,166,toulouse
,Tue May 24 23:37:43 +0000 2016,681,toulouse
,Tue May 24 23:37:38 +0000 2016,76,toulouse
,Tue May 24 23:37:36 +0000 2016,109,toulouse
,Tue May 24 23:37:31 +0000 2016,4965,toulouse
,Tue May 24 23:37:20 +0000 2016,224,toulouse
,Tue May 24 23:36:59 +0000 2016,330,toulouse
ğŸ˜Š,Tue May 24 23:36:55 +0000 2016,487,toulouse
,Tue May 24 23:36:46 +0000 2016,224,toulouse
,Tue May 24 23:36:13 +0000 2016,111,toulouse
ğŸ˜‚,Tue May 24 23:36:12 +0000 2016,218,toulouse
,Tue May 24 23:36:05 +0000 2016,32,toulouse
ğŸ˜­,Tue May 24 23:36:02 +0000 2016,869,toulouse
,Tue May 24 23:35:57 +0000 2016,579,toulouse
,Tue May 24 23:35:55 +0000 2016,10,toulouse
,Tue May 24 23:35:54 +0000 2016,704,toulouse
ğŸ˜­ğŸ˜‚,Tue May 24 23:35:40 +0000 2016,249,toulouse
,Tue May 24 23:35:33 +0000 2016,1427,toulouse
,Tue May 24 23:35:31 +0000 2016,255,toulouse
,Tue May 24 23:35:09 +0000 2016,463,toulouse
,Tue May 24 23:35:02 +0000 2016,209,toulouse
,Tue May 24 23:34:58 +0000 2016,155,toulouse
,Tue May 24 23:34:50 +0000 2016,524,toulouse
,Tue May 24 23:34:45 +0000 2016,55,toulouse
â¤ï¸,Tue May 24 23:34:43 +0000 2016,127,toulouse
ğŸ˜­ğŸ˜‚,Tue May 24 23:34:29 +0000 2016,487,toulouse
,Tue May 24 23:34:20 +0000 2016,85,toulouse
,Tue May 24 23:34:17 +0000 2016,86,toulouse
,Tue May 24 23:34:14 +0000 2016,224,toulouse
âœ‹ğŸ˜¤ğŸ¼,Tue May 24 23:33:45 +0000 2016,97,toulouse
,Tue May 24 23:33:44 +0000 2016,224,toulouse
ğŸ˜‚,Tue May 24 23:33:44 +0000 2016,151,toulouse
,Tue May 24 23:33:41 +0000 2016,221,toulouse
ğŸ˜Œ,Tue May 24 23:33:30 +0000 2016,151,toulouse
,Tue May 24 23:33:25 +0000 2016,32,toulouse
,Tue May 24 23:33:24 +0000 2016,224,toulouse
,Tue May 24 23:33:16 +0000 2016,49,toulouse
ğŸ˜…ğŸ˜­,Tue May 24 23:33:14 +0000 2016,92,toulouse
,Tue May 24 23:33:10 +0000 2016,421,toulouse
ğŸ˜‚,Tue May 24 23:33:04 +0000 2016,221,toulouse
,Tue May 24 23:33:02 +0000 2016,1928,toulouse
,Tue May 24 23:32:54 +0000 2016,463,toulouse
ğŸ˜Œ,Tue May 24 23:32:50 +0000 2016,221,toulouse
,Tue May 24 23:32:45 +0000 2016,379,toulouse
,Tue May 24 23:32:38 +0000 2016,442,toulouse
âœ‹ğŸ˜¤ğŸ¼,Tue May 24 23:32:23 +0000 2016,224,toulouse
,Tue May 24 23:32:07 +0000 2016,391,toulouse
ğŸ˜­,Tue May 24 23:31:59 +0000 2016,591,toulouse
,Tue May 24 23:31:54 +0000 2016,106,toulouse
,Tue May 24 23:31:20 +0000 2016,200,toulouse
ğŸ˜­,Tue May 24 23:31:19 +0000 2016,869,toulouse
,Tue May 24 23:31:11 +0000 2016,586,toulouse
,Tue May 24 23:30:58 +0000 2016,109,toulouse
,Tue May 24 23:30:52 +0000 2016,32,toulouse
,Tue May 24 23:30:30 +0000 2016,109,toulouse
,Tue May 24 23:30:20 +0000 2016,442,toulouse
,Tue May 24 23:30:16 +0000 2016,247,toulouse
,Tue May 24 23:30:13 +0000 2016,385,toulouse
,Tue May 24 23:30:08 +0000 2016,1191,toulouse
,Tue May 24 23:30:03 +0000 2016,703,toulouse
,Tue May 24 23:30:02 +0000 2016,233,toulouse
,Tue May 24 23:29:57 +0000 2016,290,toulouse
,Tue May 24 23:29:43 +0000 2016,765,toulouse
,Tue May 24 23:29:41 +0000 2016,224,toulouse
,Tue May 24 23:29:40 +0000 2016,32,toulouse
ğŸ˜«,Tue May 24 23:29:34 +0000 2016,151,toulouse
ğŸ˜ª,Tue May 24 23:29:29 +0000 2016,487,toulouse
ğŸ˜­,Tue May 24 23:28:50 +0000 2016,92,toulouse
ğŸ˜·ğŸ˜­,Tue May 24 23:28:49 +0000 2016,86,toulouse
ğŸ™ğŸ˜¢,Tue May 24 23:28:48 +0000 2016,391,toulouse
,Tue May 24 23:28:27 +0000 2016,588,toulouse
,Tue May 24 23:28:22 +0000 2016,224,toulouse
,Tue May 24 23:28:14 +0000 2016,487,toulouse
,Tue May 24 23:28:12 +0000 2016,797,toulouse
,Tue May 24 23:28:12 +0000 2016,32,toulouse
,Tue May 24 23:28:00 +0000 2016,264,toulouse
,Tue May 24 23:28:00 +0000 2016,49,toulouse
,Tue May 24 23:27:56 +0000 2016,224,toulouse
ğŸ˜­ğŸ˜‚,Tue May 24 23:27:48 +0000 2016,249,toulouse
,Tue May 24 23:27:44 +0000 2016,135,toulouse
,Tue May 24 23:27:44 +0000 2016,162,toulouse
ğŸ˜‚,Tue May 24 23:27:33 +0000 2016,487,toulouse
,Tue May 24 23:27:28 +0000 2016,463,toulouse
,Tue May 24 23:27:20 +0000 2016,765,toulouse
,Tue May 24 23:27:14 +0000 2016,49,toulouse
,Tue May 24 23:27:12 +0000 2016,815,toulouse
,Tue May 24 23:27:08 +0000 2016,504,toulouse
ğŸ˜ªğŸ˜‚,Tue May 24 23:27:04 +0000 2016,635,toulouse
,Tue May 24 23:26:52 +0000 2016,302,toulouse
,Tue May 24 23:26:39 +0000 2016,33,toulouse
,Tue May 24 23:26:38 +0000 2016,464,toulouse
,Tue May 24 23:26:34 +0000 2016,869,toulouse
,Tue May 24 23:26:22 +0000 2016,142,toulouse
ğŸ˜­,Tue May 24 23:26:20 +0000 2016,224,toulouse
,Tue May 24 23:26:19 +0000 2016,118,toulouse
,Tue May 24 23:26:14 +0000 2016,436,toulouse
,Tue May 24 23:26:13 +0000 2016,69,toulouse
ğŸ‘ğŸ‘ŒğŸ»,Tue May 24 23:26:13 +0000 2016,264,toulouse
,Tue May 24 23:26:12 +0000 2016,62,toulouse
ğŸ˜­ğŸ˜‚,Tue May 24 23:26:00 +0000 2016,487,toulouse
,Tue May 24 23:25:57 +0000 2016,109,toulouse
,Tue May 24 23:25:55 +0000 2016,461,toulouse
ğŸ˜ªğŸ˜‚,Tue May 24 23:25:53 +0000 2016,86,toulouse
,Tue May 24 23:25:53 +0000 2016,69,toulouse
,Tue May 24 23:25:46 +0000 2016,598,toulouse
,Tue May 24 23:25:39 +0000 2016,463,toulouse
,Tue May 24 23:25:37 +0000 2016,121,toulouse
â¡ï¸,Tue May 24 23:25:15 +0000 2016,66,toulouse
,Tue May 24 23:25:11 +0000 2016,665,toulouse
,Tue May 24 23:25:09 +0000 2016,880,toulouse
,Tue May 24 23:25:04 +0000 2016,63,toulouse
,Tue May 24 23:25:01 +0000 2016,396,toulouse
,Tue May 24 23:24:53 +0000 2016,652,toulouse
,Tue May 24 23:24:44 +0000 2016,890,toulouse
,Tue May 24 23:24:44 +0000 2016,969,toulouse
,Tue May 24 23:24:37 +0000 2016,92,toulouse
,Tue May 24 23:24:31 +0000 2016,858,toulouse
ğŸ˜­,Tue May 24 23:24:30 +0000 2016,224,toulouse
ğŸ˜ŒğŸ˜‚,Tue May 24 23:24:28 +0000 2016,487,toulouse
,Tue May 24 23:24:23 +0000 2016,129,toulouse
,Tue May 24 23:24:12 +0000 2016,857,toulouse
ğŸ˜‚,Tue May 24 23:24:07 +0000 2016,30,toulouse
,Tue May 24 23:24:03 +0000 2016,218,toulouse
,Tue May 24 23:24:02 +0000 2016,1031,toulouse
ğŸ˜‰,Tue May 24 23:23:59 +0000 2016,591,toulouse
ğŸ˜‚,Tue May 24 23:23:54 +0000 2016,487,toulouse
,Tue May 24 23:23:36 +0000 2016,538,toulouse
,Tue May 24 23:23:35 +0000 2016,487,toulouse
,Tue May 24 23:23:24 +0000 2016,188,toulouse
,Tue May 24 23:23:13 +0000 2016,765,toulouse
,Tue May 24 23:22:58 +0000 2016,463,toulouse
ğŸ¶,Tue May 24 23:22:56 +0000 2016,378,toulouse
,Tue May 24 23:22:55 +0000 2016,111,toulouse
ğŸ˜‚,Tue May 24 23:22:49 +0000 2016,410,toulouse
ğŸ˜³ğŸ˜,Tue May 24 23:22:46 +0000 2016,109,toulouse
ğŸ˜ğŸ™ˆ,Tue May 24 23:22:45 +0000 2016,2219,toulouse
ğŸ˜‚,Tue May 24 23:22:36 +0000 2016,86,toulouse
,Tue May 24 23:22:33 +0000 2016,385,toulouse
,Tue May 24 23:22:26 +0000 2016,152,toulouse
,Tue May 24 23:22:14 +0000 2016,129,toulouse
,Tue May 24 23:22:14 +0000 2016,3053,toulouse
ğŸ˜‚,Tue May 24 23:22:02 +0000 2016,385,toulouse
,Tue May 24 23:22:02 +0000 2016,50,toulouse
,Tue May 24 23:22:01 +0000 2016,109,toulouse
,Tue May 24 23:21:57 +0000 2016,84,toulouse
,Tue May 24 23:21:46 +0000 2016,254,toulouse
ğŸ˜‚,Tue May 24 23:21:40 +0000 2016,1124,toulouse
,Tue May 24 23:21:25 +0000 2016,461,toulouse
,Tue May 24 23:21:22 +0000 2016,264,toulouse
,Tue May 24 23:21:21 +0000 2016,587,toulouse
,Tue May 24 23:21:21 +0000 2016,369,toulouse
,Tue May 24 23:21:10 +0000 2016,369,toulouse
,Tue May 24 23:20:54 +0000 2016,369,toulouse
,Tue May 24 23:20:49 +0000 2016,369,toulouse
,Tue May 24 23:20:43 +0000 2016,920,toulouse
ğŸ˜‚,Tue May 24 23:20:41 +0000 2016,124,toulouse
,Tue May 24 23:20:32 +0000 2016,369,toulouse
,Tue May 24 23:20:28 +0000 2016,265,toulouse
,Tue May 24 23:20:18 +0000 2016,1006,toulouse
,Tue May 24 23:20:18 +0000 2016,369,toulouse
,Tue May 24 23:20:16 +0000 2016,264,toulouse
,Tue May 24 23:20:13 +0000 2016,487,toulouse
,Tue May 24 23:20:12 +0000 2016,172,toulouse
,Tue May 24 23:20:07 +0000 2016,264,toulouse
,Tue May 24 23:19:58 +0000 2016,109,toulouse
,Tue May 24 23:19:49 +0000 2016,264,toulouse
,Tue May 24 23:19:47 +0000 2016,369,toulouse
,Tue May 24 23:19:31 +0000 2016,1168,toulouse
,Tue May 24 23:19:28 +0000 2016,369,toulouse
,Tue May 24 23:19:28 +0000 2016,224,toulouse
â¤ï¸,Tue May 24 23:19:26 +0000 2016,487,toulouse
ğŸ˜‚,Tue May 24 23:19:25 +0000 2016,145,toulouse
,Tue May 24 23:19:24 +0000 2016,279,toulouse
,Tue May 24 23:19:19 +0000 2016,224,toulouse
,Tue May 24 23:19:13 +0000 2016,556,toulouse
,Tue May 24 23:19:01 +0000 2016,1954,toulouse
ğŸ˜‚,Tue May 24 23:19:00 +0000 2016,86,toulouse
ğŸ˜”,Tue May 24 23:18:55 +0000 2016,224,toulouse
ğŸ€,Tue May 24 23:18:51 +0000 2016,220,toulouse
,Tue May 24 23:18:45 +0000 2016,731,toulouse
ğŸ˜‚,Tue May 24 23:18:37 +0000 2016,111,toulouse
,Tue May 24 23:18:36 +0000 2016,369,toulouse
,Tue May 24 23:18:35 +0000 2016,67,toulouse
,Tue May 24 23:18:33 +0000 2016,109,toulouse
,Tue May 24 23:18:28 +0000 2016,224,toulouse
,Tue May 24 23:18:26 +0000 2016,369,toulouse
,Tue May 24 23:18:26 +0000 2016,234,toulouse
,Tue May 24 23:18:23 +0000 2016,53,toulouse
ğŸ˜…,Tue May 24 23:18:19 +0000 2016,111,toulouse
,Tue May 24 23:18:17 +0000 2016,369,toulouse
,Tue May 24 23:18:14 +0000 2016,264,toulouse
,Tue May 24 23:18:06 +0000 2016,218,toulouse
,Tue May 24 23:18:06 +0000 2016,466,toulouse
ğŸ˜˜,Tue May 24 23:18:01 +0000 2016,1,toulouse
,Tue May 24 23:17:58 +0000 2016,369,toulouse
,Tue May 24 23:17:53 +0000 2016,71,toulouse
,Tue May 24 23:17:53 +0000 2016,69,toulouse
,Tue May 24 23:17:49 +0000 2016,404,toulouse
,Tue May 24 23:17:46 +0000 2016,618,toulouse
,Tue May 24 23:17:43 +0000 2016,369,toulouse
,Tue May 24 23:17:42 +0000 2016,111,toulouse
,Tue May 24 23:17:31 +0000 2016,67,toulouse
ğŸ’¤ğŸ˜´,Tue May 24 23:17:28 +0000 2016,220,toulouse
ğŸ˜,Tue May 24 23:17:28 +0000 2016,151,toulouse
ğŸ˜˜,Tue May 24 23:17:03 +0000 2016,238,toulouse
,Tue May 24 23:17:02 +0000 2016,224,toulouse
,Tue May 24 23:16:58 +0000 2016,369,toulouse
,Tue May 24 23:16:58 +0000 2016,123,toulouse
,Tue May 24 23:16:50 +0000 2016,284,toulouse
,Tue May 24 23:16:41 +0000 2016,624,toulouse
ğŸ™ˆ,Tue May 24 23:16:38 +0000 2016,220,toulouse
,Tue May 24 23:16:38 +0000 2016,224,toulouse
ğŸ˜­ğŸ˜‚,Tue May 24 23:16:35 +0000 2016,91,toulouse
,Tue May 24 23:16:33 +0000 2016,369,toulouse
,Tue May 24 23:16:31 +0000 2016,1954,toulouse
,Tue May 24 23:16:31 +0000 2016,69,toulouse
,Tue May 24 23:16:18 +0000 2016,46,toulouse
ğŸ˜­,Tue May 24 23:16:14 +0000 2016,224,toulouse
,Tue May 24 23:16:07 +0000 2016,302,toulouse
ğŸ˜…ğŸ˜­,Tue May 24 23:16:06 +0000 2016,92,toulouse
,Tue May 24 23:16:02 +0000 2016,890,toulouse
,Tue May 24 23:15:59 +0000 2016,857,toulouse
ğŸ˜‹,Tue May 24 23:15:47 +0000 2016,220,toulouse
,Tue May 24 23:15:47 +0000 2016,109,toulouse
,Tue May 24 23:15:43 +0000 2016,264,toulouse
,Tue May 24 23:15:35 +0000 2016,123,toulouse
,Tue May 24 23:15:33 +0000 2016,380,toulouse
,Tue May 24 23:15:31 +0000 2016,810,toulouse
,Tue May 24 23:15:30 +0000 2016,857,toulouse
ğŸ™Š,Tue May 24 23:15:22 +0000 2016,220,toulouse
,Tue May 24 23:15:02 +0000 2016,0,toulouse
,Tue May 24 23:15:01 +0000 2016,365,toulouse
,Tue May 24 23:15:01 +0000 2016,151,toulouse
ğŸ˜š,Tue May 24 23:14:58 +0000 2016,220,toulouse
,Tue May 24 23:14:55 +0000 2016,333,toulouse
ğŸ’ªğŸ½ğŸ˜‚,Tue May 24 23:14:46 +0000 2016,432,toulouse
,Tue May 24 23:14:37 +0000 2016,333,toulouse
,Tue May 24 23:14:31 +0000 2016,262,toulouse
,Tue May 24 23:14:28 +0000 2016,264,toulouse
ğŸ˜‚,Tue May 24 23:14:25 +0000 2016,86,toulouse
,Tue May 24 23:14:04 +0000 2016,890,toulouse
,Tue May 24 23:14:02 +0000 2016,1743,toulouse
,Tue May 24 23:13:36 +0000 2016,900,toulouse
ğŸ˜‚,Tue May 24 23:13:35 +0000 2016,224,toulouse
,Tue May 24 23:13:32 +0000 2016,1954,toulouse
,Tue May 24 23:13:30 +0000 2016,123,toulouse
,Tue May 24 23:13:24 +0000 2016,264,toulouse
ğŸ‘¿,Tue May 24 23:13:17 +0000 2016,618,toulouse
,Tue May 24 23:13:15 +0000 2016,796,toulouse
ğŸ˜­,Tue May 24 23:13:09 +0000 2016,224,toulouse
,Tue May 24 23:13:03 +0000 2016,857,toulouse
,Tue May 24 23:13:02 +0000 2016,890,toulouse
,Tue May 24 23:13:02 +0000 2016,91,toulouse
,Tue May 24 23:12:56 +0000 2016,119,toulouse
ğŸ˜‚,Tue May 24 23:12:55 +0000 2016,109,toulouse
ğŸ˜¬,Tue May 24 23:12:54 +0000 2016,73,toulouse
,Tue May 24 23:12:54 +0000 2016,993,toulouse
,Tue May 24 23:12:40 +0000 2016,93,toulouse
ğŸ˜­,Tue May 24 23:12:34 +0000 2016,92,toulouse
,Tue May 24 23:12:28 +0000 2016,300,toulouse
,Tue May 24 23:12:22 +0000 2016,455,toulouse
,Tue May 24 23:12:15 +0000 2016,466,toulouse
,Tue May 24 23:12:15 +0000 2016,1021,toulouse
,Tue May 24 23:12:13 +0000 2016,151,toulouse
ğŸ™,Tue May 24 23:12:11 +0000 2016,270,toulouse
,Tue May 24 23:12:09 +0000 2016,647,toulouse
ğŸŒš,Tue May 24 23:12:00 +0000 2016,91,toulouse
,Tue May 24 23:11:50 +0000 2016,555,toulouse
,Tue May 24 23:11:47 +0000 2016,362,toulouse
,Tue May 24 23:11:36 +0000 2016,333,toulouse
,Tue May 24 23:11:35 +0000 2016,47,toulouse
,Tue May 24 23:11:33 +0000 2016,123,toulouse
,Tue May 24 23:11:32 +0000 2016,491,toulouse
,Tue May 24 23:11:25 +0000 2016,491,toulouse
,Tue May 24 23:11:24 +0000 2016,103,toulouse
ğŸ˜‚,Tue May 24 23:11:18 +0000 2016,869,toulouse
,Tue May 24 23:11:03 +0000 2016,224,toulouse
ğŸ˜‚,Tue May 24 23:11:02 +0000 2016,104,toulouse
,Tue May 24 23:11:01 +0000 2016,224,toulouse
,Tue May 24 23:11:01 +0000 2016,284,toulouse
ğŸ˜­,Tue May 24 23:11:00 +0000 2016,869,toulouse
,Tue May 24 23:10:59 +0000 2016,826,toulouse
